{"fundo":"url(./bg/01.jpg) center","fundo2":"rgba(0,0,0,0.4)","customizesalvar":"0","marcador":"#ffff00","marcadortxt":"#000000","notasfundo":"rgba(0,0,0,0.6)","notastxt":"#dddddd","bordanotas":"1px solid rgba(60,60,60)","customizetexto":"#ffffff","customizebf":"rgba(0,0,0,0.5)","customizebb":"0px","customizecxtxt":"#ffffff","customizecxb":"0px","customizecxf":"rgba(60,60,60,0.9)","customizebotaotexto":"#111111","customizebotao":"rgba(200,250,250,0.5)","customizemenu1":"rgba(40,40,40,0.5)","customizemenu2":"1px solid rgba(250,250,250,0.5)","customizemenu3":"#ffffff","customizemenu4":"#000","customizemenu5":"#ffffff","customizemenu6":"0px 1px","customizemenu7":"5px","customizeae1":"#222","customizeae2":"#dddddd","customizeae3":"#000","customizeae4":"#ffffff","customizeae5":"1px solid #333","customizeae6":"1px solid rgb(150,150,200)","customizecorpo1":"rgba(0,0,0,0.5)","customizecorpo2":"0px","customizerolagem1":"rgb(0,0,0)","customizerolagem2":"1px solid #222","customizerolagem3":"rgb(100,150,200)","customizerolagem4":"rgb(200,200,200)","customizerolagem5":"none","customizerolagem6":"rgb(100,150,200)","customizerolagem7":"10px","customizej1":"#111","customizej2":"#c8c8c8","customizej3":"#222","customizej4":"#333","customizej5":"#c8c8c8","customizej6":"1px solid #555","customizej7":"url(./bg/01.gif) center","customizebotaotextoh":"#000000","customizebotaoh":"rgba(200,250,250,0.7)","efeitoinicial":"jiggle","tabbg":"rgba(30,30,30,0.7)","tabbghover":"rgba(40,60,60,0.7)","tabborder":"rgba(60,60,60,0.7)","tabbgtop":"rgba(20,20,20,0.7)","tabbgtopativo":"rgba(0,0,0,0.7)","notasgat":false,"filtrosgat":false,"msavegat":false}